{
  "rooms": {
    "bedroom": {
      "views": {
        "north": {"image": "IMG_7746.jpeg", "contents": ["balloon"]},
        "south": {"image": "IMG_7744.jpeg", "contents": ["beer", "bell", "balloon"]},
        "west": {"image": "IMG_7747.jpeg", "contents": ["cake"]},
        "east": {"image": "IMG_7745.jpeg", "contents": ["clock"]}
      },
      "exits": {
        "north": "lobby_corner"
      }
    },
    "lobby_corner": {
      "views": {
        "north": {"image": "IMG_7748.jpeg", "contents": ["cocktail"]},
        "south": {"image": "IMG_7750.jpeg", "contents": ["firecracker"]},
        "west": {"image": "IMG_7749.jpeg", "contents": []},
        "east": {"image": "IMG_7751.jpeg", "contents": []}
      },
      "exits": {
        "south": "bedroom", "west": "lobby"
      }
    },
    "lobby": {
      "views": {
        "north": {"image": "IMG_7755.jpeg", "contents": ["flags"]},
        "south": {"image": "IMG_7753.jpeg", "contents": []},
        "west": {"image": "IMG_7752.jpeg", "contents": []},
        "east": {"image": "IMG_7754.jpeg", "contents": ["gift"]}
      },
      "exits": {
        "east": "lobby_corner", "north": "kitchen"
      }
    },
    "kitchen": {
      "views": {
        "north": {"image": "IMG_7756.jpeg", "contents": []},
        "south": {"image": "IMG_7759.jpeg", "contents": ["goblet"]},
        "east": {"image": "IMG_7758.jpeg", "contents": ["record"]}
      },
      "exits": {
        "south": "lobby"
      }
    }
  },

  "items": {
    "bell": { "image": "bell.png" },
    "balloon": { "image": "balloon.png" },
    "beer": {"image": "beer.png"},
    "cake": {"image": "cake.png"},
    "clock": {"image": "clock.png"},
    "cocktail": {"image": "cocktail.png"},
    "firecracker": {"image": "firecracker.png"},
    "flags": {"image": "flags.png"},
    "gift": {"image": "gift.png"},
    "goblet": {"image": "goblet.png"},
    "record": {"image": "record.png"}
  }
}
